province;red;green;blue;x;x
12001;103;3;9;NewIRBuffer1;x
12002;103;13;12;NewIRBuffer2;x
12003;103;23;15;NewIRBuffer3;x
12004;103;33;18;NewIRBuffer4;x
12005;103;43;21;NewIRBuffer5;x
12006;103;53;24;NewIRBuffer6;x
12007;103;63;27;NewIRBuffer7;x
12008;103;73;30;NewIRBuffer8;x
12009;103;83;33;NewIRBuffer9;x
12010;103;93;36;NewIRBuffer10;x
12011;103;103;39;NewIRBuffer11;x
12012;103;113;42;NewIRBuffer12;x
12013;103;123;45;NewIRBuffer13;x
12014;103;133;48;NewIRBuffer14;x
12015;103;143;51;NewIRBuffer15;x
12016;103;153;54;NewIRBuffer16;x
12017;103;163;57;NewIRBuffer17;x
12018;103;173;60;NewIRBuffer18;x
12019;103;183;63;NewIRBuffer19;x
12020;103;193;66;NewIRBuffer20;x
12021;103;203;69;NewIRBuffer21;x
12022;103;213;72;NewIRBuffer22;x
12023;103;223;75;NewIRBuffer23;x
12024;103;233;78;NewIRBuffer24;x
12025;103;243;81;NewIRBuffer25;x
12026;103;253;84;NewIRBuffer26;x
12027;103;3;87;NewIRBuffer27;x
12028;103;13;90;NewIRBuffer28;x
12029;103;23;93;NewIRBuffer29;x
12030;103;33;96;NewIRBuffer30;x
12031;103;43;99;NewIRBuffer31;x
12032;103;53;102;NewIRBuffer32;x
12033;103;63;105;NewIRBuffer33;x
12034;103;73;108;NewIRBuffer34;x
12035;103;83;111;NewIRBuffer35;x
12036;103;93;114;NewIRBuffer36;x
12037;103;103;117;NewIRBuffer37;x
12038;103;113;120;NewIRBuffer38;x
12039;103;123;123;NewIRBuffer39;x
12040;103;133;126;NewIRBuffer40;x
12041;103;143;129;NewIRBuffer41;x
12042;103;153;132;NewIRBuffer42;x
12043;103;163;135;NewIRBuffer43;x
12044;103;173;138;NewIRBuffer44;x
12045;103;183;141;NewIRBuffer45;x
12046;103;193;144;NewIRBuffer46;x
12047;103;203;147;NewIRBuffer47;x
12048;103;213;150;NewIRBuffer48;x
12049;103;223;153;NewIRBuffer49;x
12050;103;233;156;NewIRBuffer50;x
12051;103;243;159;NewIRBuffer51;x
12052;103;253;162;NewIRBuffer52;x
12053;103;3;165;NewIRBuffer53;x
12054;103;13;168;NewIRBuffer54;x
12055;103;23;171;NewIRBuffer55;x
12056;103;33;174;NewIRBuffer56;x
12057;103;43;177;NewIRBuffer57;x
12058;103;53;180;NewIRBuffer58;x
12059;103;63;183;NewIRBuffer59;x
12060;103;73;186;NewIRBuffer60;x
12061;103;83;189;NewIRBuffer61;x
12062;103;93;192;NewIRBuffer62;x
12063;103;103;195;NewIRBuffer63;x
12064;103;113;198;NewIRBuffer64;x
12065;103;123;201;NewIRBuffer65;x
12066;103;133;204;NewIRBuffer66;x
12067;103;143;207;NewIRBuffer67;x
12068;103;153;210;NewIRBuffer68;x
12069;103;163;213;NewIRBuffer69;x
12070;103;173;216;NewIRBuffer70;x
12071;103;183;219;NewIRBuffer71;x
12072;103;193;222;NewIRBuffer72;x
12073;103;203;225;NewIRBuffer73;x
12074;103;213;228;NewIRBuffer74;x
12075;103;223;231;NewIRBuffer75;x
12076;103;233;234;NewIRBuffer76;x
12077;103;243;237;NewIRBuffer77;x
12078;103;253;240;NewIRBuffer78;x
12079;103;3;243;NewIRBuffer79;x
12080;103;13;246;NewIRBuffer80;x
12081;103;23;249;NewIRBuffer81;x
12082;103;33;252;NewIRBuffer82;x
12083;103;43;255;NewIRBuffer83;x
12084;103;4;9;NewIRBuffer84;x
12085;103;14;12;NewIRBuffer85;x
12086;103;24;15;NewIRBuffer86;x
12087;103;34;18;NewIRBuffer87;x
12088;103;44;21;NewIRBuffer88;x
12089;103;54;24;NewIRBuffer89;x
12090;103;64;27;NewIRBuffer90;x
12091;103;74;30;NewIRBuffer91;x
12092;103;84;33;NewIRBuffer92;x
12093;103;94;36;NewIRBuffer93;x
12094;103;104;39;NewIRBuffer94;x
12095;103;114;42;NewIRBuffer95;x
12096;103;124;45;NewIRBuffer96;x
12097;103;134;48;NewIRBuffer97;x
12098;103;144;51;NewIRBuffer98;x
12099;103;154;54;NewIRBuffer99;x
12100;103;164;57;NewIRBuffer100;x
12101;103;174;60;NewIRBuffer101;x
12102;103;184;63;NewIRBuffer102;x
12103;103;194;66;NewIRBuffer103;x
12104;103;204;69;NewIRBuffer104;x
12105;103;214;72;NewIRBuffer105;x
12106;103;224;75;NewIRBuffer106;x
12107;103;234;78;NewIRBuffer107;x
12108;103;244;81;NewIRBuffer108;x
12109;103;254;84;NewIRBuffer109;x
12110;103;4;87;NewIRBuffer110;x
12111;103;14;90;NewIRBuffer111;x
12112;103;24;93;NewIRBuffer112;x
12113;103;34;96;NewIRBuffer113;x
12114;103;44;99;NewIRBuffer114;x
12115;103;54;102;NewIRBuffer115;x
12116;103;64;105;NewIRBuffer116;x
12117;103;74;108;NewIRBuffer117;x
12118;103;84;111;NewIRBuffer118;x
12119;103;94;114;NewIRBuffer119;x
12120;103;104;117;NewIRBuffer120;x
12121;103;114;120;NewIRBuffer121;x
12122;103;124;123;NewIRBuffer122;x
12123;103;134;126;NewIRBuffer123;x
12124;103;144;129;NewIRBuffer124;x
12125;103;154;132;NewIRBuffer125;x
12126;103;164;135;NewIRBuffer126;x
12127;103;174;138;NewIRBuffer127;x
12128;103;184;141;NewIRBuffer128;x
12129;103;194;144;NewIRBuffer129;x
12130;103;204;147;NewIRBuffer130;x
12131;103;214;150;NewIRBuffer131;x
12132;103;224;153;NewIRBuffer132;x
12133;103;234;156;NewIRBuffer133;x
12134;103;244;159;NewIRBuffer134;x
12135;103;254;162;NewIRBuffer135;x
12136;103;4;165;NewIRBuffer136;x
12137;103;14;168;NewIRBuffer137;x
12138;103;24;171;NewIRBuffer138;x
12139;103;34;174;NewIRBuffer139;x
12140;103;44;177;NewIRBuffer140;x
12141;103;54;180;NewIRBuffer141;x
12142;103;64;183;NewIRBuffer142;x
12143;103;74;186;NewIRBuffer143;x
12144;103;84;189;NewIRBuffer144;x
12145;103;94;192;NewIRBuffer145;x
12146;103;104;195;NewIRBuffer146;x
12147;103;114;198;NewIRBuffer147;x
12148;103;124;201;NewIRBuffer148;x
12149;103;134;204;NewIRBuffer149;x
12150;103;144;207;NewIRBuffer150;x
12151;103;154;210;NewIRBuffer151;x
12152;103;164;213;NewIRBuffer152;x
12153;103;174;216;NewIRBuffer153;x
12154;103;184;219;NewIRBuffer154;x
12155;103;194;222;NewIRBuffer155;x
12156;103;204;225;NewIRBuffer156;x
12157;103;214;228;NewIRBuffer157;x
12158;103;224;231;NewIRBuffer158;x
12159;103;234;234;NewIRBuffer159;x
12160;103;244;237;NewIRBuffer160;x
12161;103;254;240;NewIRBuffer161;x
12162;103;4;243;NewIRBuffer162;x
12163;103;14;246;NewIRBuffer163;x
12164;103;24;249;NewIRBuffer164;x
12165;103;34;252;NewIRBuffer165;x
12166;103;44;255;NewIRBuffer166;x
12167;103;5;9;NewIRBuffer167;x
12168;103;15;12;NewIRBuffer168;x
12169;103;25;15;NewIRBuffer169;x
12170;103;35;18;NewIRBuffer170;x
12171;103;45;21;NewIRBuffer171;x
12172;103;55;24;NewIRBuffer172;x
12173;103;65;27;NewIRBuffer173;x
12174;103;75;30;NewIRBuffer174;x
12175;103;85;33;NewIRBuffer175;x
12176;103;95;36;NewIRBuffer176;x
12177;103;105;39;NewIRBuffer177;x
12178;103;115;42;NewIRBuffer178;x
12179;103;125;45;NewIRBuffer179;x
12180;103;135;48;NewIRBuffer180;x
12181;103;145;51;NewIRBuffer181;x
12182;103;155;54;NewIRBuffer182;x
12183;103;165;57;NewIRBuffer183;x
12184;103;175;60;NewIRBuffer184;x
12185;103;185;63;NewIRBuffer185;x
12186;103;195;66;NewIRBuffer186;x
12187;103;205;69;NewIRBuffer187;x
12188;103;215;72;NewIRBuffer188;x
12189;103;225;75;NewIRBuffer189;x
12190;103;235;78;NewIRBuffer190;x
12191;103;245;81;NewIRBuffer191;x
12192;103;255;84;NewIRBuffer192;x
12193;103;5;87;NewIRBuffer193;x
12194;103;15;90;NewIRBuffer194;x
12195;103;25;93;NewIRBuffer195;x
12196;103;35;96;NewIRBuffer196;x
12197;103;45;99;NewIRBuffer197;x
12198;103;55;102;NewIRBuffer198;x
12199;103;65;105;NewIRBuffer199;x
12200;103;75;108;NewIRBuffer200;x
12201;103;85;111;NewIRBuffer201;x
12202;103;95;114;NewIRBuffer202;x
12203;103;105;117;NewIRBuffer203;x
12204;103;115;120;NewIRBuffer204;x
12205;103;125;123;NewIRBuffer205;x
12206;103;135;126;NewIRBuffer206;x
12207;103;145;129;NewIRBuffer207;x
12208;103;155;132;NewIRBuffer208;x
12209;103;165;135;NewIRBuffer209;x
12210;103;175;138;NewIRBuffer210;x
12211;103;185;141;NewIRBuffer211;x
12212;103;195;144;NewIRBuffer212;x
12213;103;205;147;NewIRBuffer213;x
12214;103;215;150;NewIRBuffer214;x
12215;103;225;153;NewIRBuffer215;x
12216;103;235;156;NewIRBuffer216;x
12217;103;245;159;NewIRBuffer217;x
12218;103;255;162;NewIRBuffer218;x
12219;103;5;165;NewIRBuffer219;x
12220;103;15;168;NewIRBuffer220;x
12221;103;25;171;NewIRBuffer221;x
12222;103;35;174;NewIRBuffer222;x
12223;103;45;177;NewIRBuffer223;x
12224;103;55;180;NewIRBuffer224;x
12225;103;65;183;NewIRBuffer225;x
12226;103;75;186;NewIRBuffer226;x
12227;103;85;189;NewIRBuffer227;x
12228;103;95;192;NewIRBuffer228;x
12229;103;105;195;NewIRBuffer229;x
12230;103;115;198;NewIRBuffer230;x
12231;103;125;201;NewIRBuffer231;x
12232;103;135;204;NewIRBuffer232;x
12233;103;145;207;NewIRBuffer233;x
12234;103;155;210;NewIRBuffer234;x
12235;103;165;213;NewIRBuffer235;x
12236;103;175;216;NewIRBuffer236;x
12237;103;185;219;NewIRBuffer237;x
12238;103;195;222;NewIRBuffer238;x
12239;103;205;225;NewIRBuffer239;x
12240;103;215;228;NewIRBuffer240;x
12241;103;225;231;NewIRBuffer241;x
12242;103;235;234;NewIRBuffer242;x
12243;103;245;237;NewIRBuffer243;x
12244;103;255;240;NewIRBuffer244;x
12245;103;5;243;NewIRBuffer245;x
12246;103;15;246;NewIRBuffer246;x
12247;103;25;249;NewIRBuffer247;x
12248;103;35;252;NewIRBuffer248;x
12249;103;45;255;NewIRBuffer249;x
12250;103;6;9;NewIRBuffer250;x
12251;103;16;12;NewIRBuffer251;x
12252;103;26;15;NewIRBuffer252;x
12253;103;36;18;NewIRBuffer253;x
12254;103;46;21;NewIRBuffer254;x
12255;103;56;24;NewIRBuffer255;x
12256;103;66;27;NewIRBuffer256;x
12257;103;76;30;NewIRBuffer257;x
12258;103;86;33;NewIRBuffer258;x
12259;103;96;36;NewIRBuffer259;x
12260;103;106;39;NewIRBuffer260;x
12261;103;116;42;NewIRBuffer261;x
12262;103;126;45;NewIRBuffer262;x
12263;103;136;48;NewIRBuffer263;x
12264;103;146;51;NewIRBuffer264;x
12265;103;156;54;NewIRBuffer265;x
12266;103;166;57;NewIRBuffer266;x
12267;103;176;60;NewIRBuffer267;x
12268;103;186;63;NewIRBuffer268;x
12269;103;196;66;NewIRBuffer269;x
12270;103;206;69;NewIRBuffer270;x
12271;103;216;72;NewIRBuffer271;x
12272;103;226;75;NewIRBuffer272;x
12273;103;236;78;NewIRBuffer273;x
12274;103;246;81;NewIRBuffer274;x
12275;103;6;84;NewIRBuffer275;x
12276;103;16;87;NewIRBuffer276;x
12277;103;26;90;NewIRBuffer277;x
12278;103;36;93;NewIRBuffer278;x
12279;103;46;96;NewIRBuffer279;x
12280;103;56;99;NewIRBuffer280;x
12281;103;66;102;NewIRBuffer281;x
12282;103;76;105;NewIRBuffer282;x
12283;103;86;108;NewIRBuffer283;x
12284;103;96;111;NewIRBuffer284;x
12285;103;106;114;NewIRBuffer285;x
12286;103;116;117;NewIRBuffer286;x
12287;103;126;120;NewIRBuffer287;x
12288;103;136;123;NewIRBuffer288;x
12289;103;146;126;NewIRBuffer289;x
12290;103;156;129;NewIRBuffer290;x
12291;103;166;132;NewIRBuffer291;x
12292;103;176;135;NewIRBuffer292;x
12293;103;186;138;NewIRBuffer293;x
12294;103;196;141;NewIRBuffer294;x
12295;103;206;144;NewIRBuffer295;x
12296;103;216;147;NewIRBuffer296;x
12297;103;226;150;NewIRBuffer297;x
12298;103;236;153;NewIRBuffer298;x
12299;103;246;156;NewIRBuffer299;x
12300;103;6;159;NewIRBuffer300;x
12301;103;16;162;NewIRBuffer301;x
12302;103;26;165;NewIRBuffer302;x
12303;103;36;168;NewIRBuffer303;x
12304;103;46;171;NewIRBuffer304;x
12305;103;56;174;NewIRBuffer305;x
12306;103;66;177;NewIRBuffer306;x
12307;103;76;180;NewIRBuffer307;x
12308;103;86;183;NewIRBuffer308;x
12309;103;96;186;NewIRBuffer309;x
12310;103;106;189;NewIRBuffer310;x
12311;103;116;192;NewIRBuffer311;x
12312;103;126;195;NewIRBuffer312;x
12313;103;136;198;NewIRBuffer313;x
12314;103;146;201;NewIRBuffer314;x
12315;103;156;204;NewIRBuffer315;x
12316;103;166;207;NewIRBuffer316;x
12317;103;176;210;NewIRBuffer317;x
12318;103;186;213;NewIRBuffer318;x
12319;103;196;216;NewIRBuffer319;x
12320;103;206;219;NewIRBuffer320;x
12321;103;216;222;NewIRBuffer321;x
12322;103;226;225;NewIRBuffer322;x
12323;103;236;228;NewIRBuffer323;x
12324;103;246;231;NewIRBuffer324;x
12325;103;6;234;NewIRBuffer325;x
12326;103;16;237;NewIRBuffer326;x
12327;103;26;240;NewIRBuffer327;x
12328;103;36;243;NewIRBuffer328;x
12329;103;46;246;NewIRBuffer329;x
12330;103;56;249;NewIRBuffer330;x
12331;103;66;252;NewIRBuffer331;x
12332;103;76;255;NewIRBuffer332;x
12333;103;7;9;NewIRBuffer333;x
12334;103;17;12;NewIRBuffer334;x
12335;103;27;15;NewIRBuffer335;x
12336;103;37;18;NewIRBuffer336;x
12337;103;47;21;NewIRBuffer337;x
12338;103;57;24;NewIRBuffer338;x
12339;103;67;27;NewIRBuffer339;x
12340;103;77;30;NewIRBuffer340;x
12341;103;87;33;NewIRBuffer341;x
12342;103;97;36;NewIRBuffer342;x
12343;103;107;39;NewIRBuffer343;x
12344;103;117;42;NewIRBuffer344;x
12345;103;127;45;NewIRBuffer345;x
12346;103;137;48;NewIRBuffer346;x
12347;103;147;51;NewIRBuffer347;x
12348;103;157;54;NewIRBuffer348;x
12349;103;167;57;NewIRBuffer349;x
12350;103;177;60;NewIRBuffer350;x
12351;103;187;63;NewIRBuffer351;x
12352;103;197;66;NewIRBuffer352;x
12353;103;207;69;NewIRBuffer353;x
12354;103;217;72;NewIRBuffer354;x
12355;103;227;75;NewIRBuffer355;x
12356;103;237;78;NewIRBuffer356;x
12357;103;247;81;NewIRBuffer357;x
12358;103;7;84;NewIRBuffer358;x
12359;103;17;87;NewIRBuffer359;x
12360;103;27;90;NewIRBuffer360;x
12361;103;37;93;NewIRBuffer361;x
12362;103;47;96;NewIRBuffer362;x
12363;103;57;99;NewIRBuffer363;x
12364;103;67;102;NewIRBuffer364;x
12365;103;77;105;NewIRBuffer365;x
12366;103;87;108;NewIRBuffer366;x
12367;103;97;111;NewIRBuffer367;x
12368;103;107;114;NewIRBuffer368;x
12369;103;117;117;NewIRBuffer369;x
12370;103;127;120;NewIRBuffer370;x
12371;103;137;123;NewIRBuffer371;x
12372;103;147;126;NewIRBuffer372;x
12373;103;157;129;NewIRBuffer373;x
12374;103;167;132;NewIRBuffer374;x
12375;103;177;135;NewIRBuffer375;x
12376;103;187;138;NewIRBuffer376;x
12377;103;197;141;NewIRBuffer377;x
12378;103;207;144;NewIRBuffer378;x
12379;103;217;147;NewIRBuffer379;x
12380;103;227;150;NewIRBuffer380;x
12381;103;237;153;NewIRBuffer381;x
12382;103;247;156;NewIRBuffer382;x
12383;103;7;159;NewIRBuffer383;x
12384;103;17;162;NewIRBuffer384;x
12385;103;27;165;NewIRBuffer385;x
12386;103;37;168;NewIRBuffer386;x
12387;103;47;171;NewIRBuffer387;x
12388;103;57;174;NewIRBuffer388;x
12389;103;67;177;NewIRBuffer389;x
12390;103;77;180;NewIRBuffer390;x
12391;103;87;183;NewIRBuffer391;x
12392;103;97;186;NewIRBuffer392;x
12393;103;107;189;NewIRBuffer393;x
12394;103;117;192;NewIRBuffer394;x
12395;103;127;195;NewIRBuffer395;x
12396;103;137;198;NewIRBuffer396;x
12397;103;147;201;NewIRBuffer397;x
12398;103;157;204;NewIRBuffer398;x
12399;103;167;207;NewIRBuffer399;x
12400;103;177;210;NewIRBuffer400;x
12401;103;187;213;NewIRBuffer401;x
12402;103;197;216;NewIRBuffer402;x
12403;103;207;219;NewIRBuffer403;x
12404;103;217;222;NewIRBuffer404;x
12405;103;227;225;NewIRBuffer405;x
12406;103;237;228;NewIRBuffer406;x
12407;103;247;231;NewIRBuffer407;x
12408;103;7;234;NewIRBuffer408;x
12409;103;17;237;NewIRBuffer409;x
12410;103;27;240;NewIRBuffer410;x
12411;103;37;243;NewIRBuffer411;x
12412;103;47;246;NewIRBuffer412;x
12413;103;57;249;NewIRBuffer413;x
12414;103;67;252;NewIRBuffer414;x
12415;103;77;255;NewIRBuffer415;x
12416;103;8;9;NewIRBuffer416;x
12417;103;18;12;NewIRBuffer417;x
12418;103;28;15;NewIRBuffer418;x
12419;103;38;18;NewIRBuffer419;x
12420;103;48;21;NewIRBuffer420;x
12421;103;58;24;NewIRBuffer421;x
12422;103;68;27;NewIRBuffer422;x
12423;103;78;30;NewIRBuffer423;x
12424;103;88;33;NewIRBuffer424;x
12425;103;98;36;NewIRBuffer425;x
12426;103;108;39;NewIRBuffer426;x
12427;103;118;42;NewIRBuffer427;x
12428;103;128;45;NewIRBuffer428;x
12429;103;138;48;NewIRBuffer429;x
12430;103;148;51;NewIRBuffer430;x
12431;103;158;54;NewIRBuffer431;x
12432;103;168;57;NewIRBuffer432;x
12433;103;178;60;NewIRBuffer433;x
12434;103;188;63;NewIRBuffer434;x
12435;103;198;66;NewIRBuffer435;x
12436;103;208;69;NewIRBuffer436;x
12437;103;218;72;NewIRBuffer437;x
12438;103;228;75;NewIRBuffer438;x
12439;103;238;78;NewIRBuffer439;x
12440;103;248;81;NewIRBuffer440;x
12441;103;8;84;NewIRBuffer441;x
12442;103;18;87;NewIRBuffer442;x
12443;103;28;90;NewIRBuffer443;x
12444;103;38;93;NewIRBuffer444;x
12445;103;48;96;NewIRBuffer445;x
12446;103;58;99;NewIRBuffer446;x
12447;103;68;102;NewIRBuffer447;x
12448;103;78;105;NewIRBuffer448;x
12449;103;88;108;NewIRBuffer449;x
12450;103;98;111;NewIRBuffer450;x
12451;103;108;114;NewIRBuffer451;x
12452;103;118;117;NewIRBuffer452;x
12453;103;128;120;NewIRBuffer453;x
12454;103;138;123;NewIRBuffer454;x
12455;103;148;126;NewIRBuffer455;x
12456;103;158;129;NewIRBuffer456;x
12457;103;168;132;NewIRBuffer457;x
12458;103;178;135;NewIRBuffer458;x
12459;103;188;138;NewIRBuffer459;x
12460;103;198;141;NewIRBuffer460;x
12461;103;208;144;NewIRBuffer461;x
12462;103;218;147;NewIRBuffer462;x
12463;103;228;150;NewIRBuffer463;x
12464;103;238;153;NewIRBuffer464;x
12465;103;248;156;NewIRBuffer465;x
12466;103;8;159;NewIRBuffer466;x
12467;103;18;162;NewIRBuffer467;x
12468;103;28;165;NewIRBuffer468;x
12469;103;38;168;NewIRBuffer469;x
12470;103;48;171;NewIRBuffer470;x
12471;103;58;174;NewIRBuffer471;x
12472;103;68;177;NewIRBuffer472;x
12473;103;78;180;NewIRBuffer473;x
12474;103;88;183;NewIRBuffer474;x
12475;103;98;186;NewIRBuffer475;x
12476;103;108;189;NewIRBuffer476;x
12477;103;118;192;NewIRBuffer477;x
12478;103;128;195;NewIRBuffer478;x
12479;103;138;198;NewIRBuffer479;x
12480;103;148;201;NewIRBuffer480;x
12481;103;158;204;NewIRBuffer481;x
12482;103;168;207;NewIRBuffer482;x
12483;103;178;210;NewIRBuffer483;x
12484;103;188;213;NewIRBuffer484;x
12485;103;198;216;NewIRBuffer485;x
12486;103;208;219;NewIRBuffer486;x
12487;103;218;222;NewIRBuffer487;x
12488;103;228;225;NewIRBuffer488;x
12489;103;238;228;NewIRBuffer489;x
12490;103;248;231;NewIRBuffer490;x
12491;103;8;234;NewIRBuffer491;x
12492;103;18;237;NewIRBuffer492;x
12493;103;28;240;NewIRBuffer493;x
12494;103;38;243;NewIRBuffer494;x
12495;103;48;246;NewIRBuffer495;x
12496;103;58;249;NewIRBuffer496;x
12497;103;68;252;NewIRBuffer497;x
12498;103;78;255;NewIRBuffer498;x
12499;103;9;9;NewIRBuffer499;x
12500;103;19;12;NewIRBuffer500;x
12501;103;29;15;NewIRBuffer501;x
12502;103;39;18;NewIRBuffer502;x
12503;103;49;21;NewIRBuffer503;x
12504;103;59;24;NewIRBuffer504;x
12505;103;69;27;NewIRBuffer505;x
12506;103;79;30;NewIRBuffer506;x
12507;103;89;33;NewIRBuffer507;x
12508;103;99;36;NewIRBuffer508;x
12509;103;109;39;NewIRBuffer509;x
12510;103;119;42;NewIRBuffer510;x
12511;103;129;45;NewIRBuffer511;x
12512;103;139;48;NewIRBuffer512;x
12513;103;149;51;NewIRBuffer513;x
12514;103;159;54;NewIRBuffer514;x
12515;103;169;57;NewIRBuffer515;x
12516;103;179;60;NewIRBuffer516;x
12517;103;189;63;NewIRBuffer517;x
12518;103;199;66;NewIRBuffer518;x
12519;103;209;69;NewIRBuffer519;x
12520;103;219;72;NewIRBuffer520;x
12521;103;229;75;NewIRBuffer521;x
12522;103;239;78;NewIRBuffer522;x
12523;103;249;81;NewIRBuffer523;x
12524;103;9;84;NewIRBuffer524;x
12525;103;19;87;NewIRBuffer525;x
12526;103;29;90;NewIRBuffer526;x
12527;103;39;93;NewIRBuffer527;x
12528;103;49;96;NewIRBuffer528;x
12529;103;59;99;NewIRBuffer529;x
12530;103;69;102;NewIRBuffer530;x
12531;103;79;105;NewIRBuffer531;x
12532;103;89;108;NewIRBuffer532;x
12533;103;99;111;NewIRBuffer533;x
12534;103;109;114;NewIRBuffer534;x
12535;103;119;117;NewIRBuffer535;x
12536;103;129;120;NewIRBuffer536;x
12537;103;139;123;NewIRBuffer537;x
12538;103;149;126;NewIRBuffer538;x
12539;103;159;129;NewIRBuffer539;x
12540;103;169;132;NewIRBuffer540;x
12541;103;179;135;NewIRBuffer541;x
12542;103;189;138;NewIRBuffer542;x
12543;103;199;141;NewIRBuffer543;x
12544;103;209;144;NewIRBuffer544;x
12545;103;219;147;NewIRBuffer545;x
12546;103;229;150;NewIRBuffer546;x
12547;103;239;153;NewIRBuffer547;x
12548;103;249;156;NewIRBuffer548;x
12549;103;9;159;NewIRBuffer549;x
12550;103;19;162;NewIRBuffer550;x
12551;103;29;165;NewIRBuffer551;x
12552;103;39;168;NewIRBuffer552;x
12553;103;49;171;NewIRBuffer553;x
12554;103;59;174;NewIRBuffer554;x
12555;103;69;177;NewIRBuffer555;x
12556;103;79;180;NewIRBuffer556;x
12557;103;89;183;NewIRBuffer557;x
12558;103;99;186;NewIRBuffer558;x
12559;103;109;189;NewIRBuffer559;x
12560;103;119;192;NewIRBuffer560;x
12561;103;129;195;NewIRBuffer561;x
12562;103;139;198;NewIRBuffer562;x
12563;103;149;201;NewIRBuffer563;x
12564;103;159;204;NewIRBuffer564;x
12565;103;169;207;NewIRBuffer565;x
12566;103;179;210;NewIRBuffer566;x
12567;103;189;213;NewIRBuffer567;x
12568;103;199;216;NewIRBuffer568;x
12569;103;209;219;NewIRBuffer569;x
12570;103;219;222;NewIRBuffer570;x
12571;103;229;225;NewIRBuffer571;x
12572;103;239;228;NewIRBuffer572;x
12573;103;249;231;NewIRBuffer573;x
12574;103;9;234;NewIRBuffer574;x
12575;103;19;237;NewIRBuffer575;x
12576;103;29;240;NewIRBuffer576;x
12577;103;39;243;NewIRBuffer577;x
12578;103;49;246;NewIRBuffer578;x
12579;103;59;249;NewIRBuffer579;x
12580;103;69;252;NewIRBuffer580;x
12581;103;79;255;NewIRBuffer581;x
12582;104;1;9;NewIRBuffer582;x
12583;104;11;12;NewIRBuffer583;x
12584;104;21;15;NewIRBuffer584;x
12585;104;31;18;NewIRBuffer585;x
12586;104;41;21;NewIRBuffer586;x
12587;104;51;24;NewIRBuffer587;x
12588;104;61;27;NewIRBuffer588;x
12589;104;71;30;NewIRBuffer589;x
12590;104;81;33;NewIRBuffer590;x
12591;104;91;36;NewIRBuffer591;x
12592;104;101;39;NewIRBuffer592;x
12593;104;111;42;NewIRBuffer593;x
12594;104;121;45;NewIRBuffer594;x
12595;104;131;48;NewIRBuffer595;x
12596;104;141;51;NewIRBuffer596;x
12597;104;151;54;NewIRBuffer597;x
12598;104;161;57;NewIRBuffer598;x
12599;104;171;60;NewIRBuffer599;x
12600;104;181;63;NewIRBuffer600;x
12601;104;191;66;NewIRBuffer601;x
12602;104;201;69;NewIRBuffer602;x
12603;104;211;72;NewIRBuffer603;x
12604;104;221;75;NewIRBuffer604;x
12605;104;231;78;NewIRBuffer605;x
12606;104;241;81;NewIRBuffer606;x
12607;104;251;84;NewIRBuffer607;x
12608;104;1;87;NewIRBuffer608;x
12609;104;11;90;NewIRBuffer609;x
12610;104;21;93;NewIRBuffer610;x
12611;104;31;96;NewIRBuffer611;x
12612;104;41;99;NewIRBuffer612;x
12613;104;51;102;NewIRBuffer613;x
12614;104;61;105;NewIRBuffer614;x
12615;104;71;108;NewIRBuffer615;x
12616;104;81;111;NewIRBuffer616;x
12617;104;91;114;NewIRBuffer617;x
12618;104;101;117;NewIRBuffer618;x
12619;104;111;120;NewIRBuffer619;x
12620;104;121;123;NewIRBuffer620;x
12621;104;131;126;NewIRBuffer621;x
12622;104;141;129;NewIRBuffer622;x
12623;104;151;132;NewIRBuffer623;x
12624;104;161;135;NewIRBuffer624;x
12625;104;171;138;NewIRBuffer625;x
12626;104;181;141;NewIRBuffer626;x
12627;104;191;144;NewIRBuffer627;x
12628;104;201;147;NewIRBuffer628;x
12629;104;211;150;NewIRBuffer629;x
12630;104;221;153;NewIRBuffer630;x
12631;104;231;156;NewIRBuffer631;x
12632;104;241;159;NewIRBuffer632;x
12633;104;251;162;NewIRBuffer633;x
12634;104;1;165;NewIRBuffer634;x
12635;104;11;168;NewIRBuffer635;x
12636;104;21;171;NewIRBuffer636;x
12637;104;31;174;NewIRBuffer637;x
12638;104;41;177;NewIRBuffer638;x
12639;104;51;180;NewIRBuffer639;x
12640;104;61;183;NewIRBuffer640;x
12641;104;71;186;NewIRBuffer641;x
12642;104;81;189;NewIRBuffer642;x
12643;104;91;192;NewIRBuffer643;x
12644;104;101;195;NewIRBuffer644;x
12645;104;111;198;NewIRBuffer645;x
12646;104;121;201;NewIRBuffer646;x
12647;104;131;204;NewIRBuffer647;x
12648;104;141;207;NewIRBuffer648;x
12649;104;151;210;NewIRBuffer649;x
12650;104;161;213;NewIRBuffer650;x
12651;104;171;216;NewIRBuffer651;x
12652;104;181;219;NewIRBuffer652;x
12653;104;191;222;NewIRBuffer653;x
12654;104;201;225;NewIRBuffer654;x
12655;104;211;228;NewIRBuffer655;x
12656;104;221;231;NewIRBuffer656;x
12657;104;231;234;NewIRBuffer657;x
12658;104;241;237;NewIRBuffer658;x
12659;104;251;240;NewIRBuffer659;x
12660;104;1;243;NewIRBuffer660;x
12661;104;11;246;NewIRBuffer661;x
12662;104;21;249;NewIRBuffer662;x
12663;104;31;252;NewIRBuffer663;x
12664;104;41;255;NewIRBuffer664;x
12665;104;2;9;NewIRBuffer665;x
12666;104;12;12;NewIRBuffer666;x
12667;104;22;15;NewIRBuffer667;x
12668;104;32;18;NewIRBuffer668;x
12669;104;42;21;NewIRBuffer669;x
12670;104;52;24;NewIRBuffer670;x
12671;104;62;27;NewIRBuffer671;x
12672;104;72;30;NewIRBuffer672;x
12673;104;82;33;NewIRBuffer673;x
12674;104;92;36;NewIRBuffer674;x
12675;104;102;39;NewIRBuffer675;x
12676;104;112;42;NewIRBuffer676;x
12677;104;122;45;NewIRBuffer677;x
12678;104;132;48;NewIRBuffer678;x
12679;104;142;51;NewIRBuffer679;x
12680;104;152;54;NewIRBuffer680;x
12681;104;162;57;NewIRBuffer681;x
12682;104;172;60;NewIRBuffer682;x
12683;104;182;63;NewIRBuffer683;x
12684;104;192;66;NewIRBuffer684;x
12685;104;202;69;NewIRBuffer685;x
12686;104;212;72;NewIRBuffer686;x
12687;104;222;75;NewIRBuffer687;x
12688;104;232;78;NewIRBuffer688;x
12689;104;242;81;NewIRBuffer689;x
12690;104;252;84;NewIRBuffer690;x
12691;104;2;87;NewIRBuffer691;x
12692;104;12;90;NewIRBuffer692;x
12693;104;22;93;NewIRBuffer693;x
12694;104;32;96;NewIRBuffer694;x
12695;104;42;99;NewIRBuffer695;x
12696;104;52;102;NewIRBuffer696;x
12697;104;62;105;NewIRBuffer697;x
12698;104;72;108;NewIRBuffer698;x
12699;104;82;111;NewIRBuffer699;x
12700;104;92;114;NewIRBuffer700;x
12701;104;102;117;NewIRBuffer701;x
12702;104;112;120;NewIRBuffer702;x
12703;104;122;123;NewIRBuffer703;x
12704;104;132;126;NewIRBuffer704;x
12705;104;142;129;NewIRBuffer705;x
12706;104;152;132;NewIRBuffer706;x
12707;104;162;135;NewIRBuffer707;x
12708;104;172;138;NewIRBuffer708;x
12709;104;182;141;NewIRBuffer709;x
12710;104;192;144;NewIRBuffer710;x
12711;104;202;147;NewIRBuffer711;x
12712;104;212;150;NewIRBuffer712;x
12713;104;222;153;NewIRBuffer713;x
12714;104;232;156;NewIRBuffer714;x
12715;104;242;159;NewIRBuffer715;x
12716;104;252;162;NewIRBuffer716;x
12717;104;2;165;NewIRBuffer717;x
12718;104;12;168;NewIRBuffer718;x
12719;104;22;171;NewIRBuffer719;x
12720;104;32;174;NewIRBuffer720;x
12721;104;42;177;NewIRBuffer721;x
12722;104;52;180;NewIRBuffer722;x
12723;104;62;183;NewIRBuffer723;x
12724;104;72;186;NewIRBuffer724;x
12725;104;82;189;NewIRBuffer725;x
12726;104;92;192;NewIRBuffer726;x
12727;104;102;195;NewIRBuffer727;x
12728;104;112;198;NewIRBuffer728;x
12729;104;122;201;NewIRBuffer729;x
12730;104;132;204;NewIRBuffer730;x
12731;104;142;207;NewIRBuffer731;x
12732;104;152;210;NewIRBuffer732;x
12733;104;162;213;NewIRBuffer733;x
12734;104;172;216;NewIRBuffer734;x
12735;104;182;219;NewIRBuffer735;x
12736;104;192;222;NewIRBuffer736;x
12737;104;202;225;NewIRBuffer737;x
12738;104;212;228;NewIRBuffer738;x
12739;104;222;231;NewIRBuffer739;x
12740;104;232;234;NewIRBuffer740;x
12741;104;242;237;NewIRBuffer741;x
12742;104;252;240;NewIRBuffer742;x
12743;104;2;243;NewIRBuffer743;x
12744;104;12;246;NewIRBuffer744;x
12745;104;22;249;NewIRBuffer745;x
12746;104;32;252;NewIRBuffer746;x
12747;104;42;255;NewIRBuffer747;x
12748;104;3;9;NewIRBuffer748;x
12749;104;13;12;NewIRBuffer749;x
12750;104;23;15;NewIRBuffer750;x
12751;104;33;18;NewIRBuffer751;x
12752;104;43;21;NewIRBuffer752;x
12753;104;53;24;NewIRBuffer753;x
12754;104;63;27;NewIRBuffer754;x
12755;104;73;30;NewIRBuffer755;x
12756;104;83;33;NewIRBuffer756;x
12757;104;93;36;NewIRBuffer757;x
12758;104;103;39;NewIRBuffer758;x
12759;104;113;42;NewIRBuffer759;x
12760;104;123;45;NewIRBuffer760;x
12761;104;133;48;NewIRBuffer761;x
12762;104;143;51;NewIRBuffer762;x
12763;104;153;54;NewIRBuffer763;x
12764;104;163;57;NewIRBuffer764;x
12765;104;173;60;NewIRBuffer765;x
12766;104;183;63;NewIRBuffer766;x
12767;104;193;66;NewIRBuffer767;x
12768;104;203;69;NewIRBuffer768;x
12769;104;213;72;NewIRBuffer769;x
12770;104;223;75;NewIRBuffer770;x
12771;104;233;78;NewIRBuffer771;x
12772;104;243;81;NewIRBuffer772;x
12773;104;253;84;NewIRBuffer773;x
12774;104;3;87;NewIRBuffer774;x
12775;104;13;90;NewIRBuffer775;x
12776;104;23;93;NewIRBuffer776;x
12777;104;33;96;NewIRBuffer777;x
12778;104;43;99;NewIRBuffer778;x
12779;104;53;102;NewIRBuffer779;x
12780;104;63;105;NewIRBuffer780;x
12781;104;73;108;NewIRBuffer781;x
12782;104;83;111;NewIRBuffer782;x
12783;104;93;114;NewIRBuffer783;x
12784;104;103;117;NewIRBuffer784;x
12785;104;113;120;NewIRBuffer785;x
12786;104;123;123;NewIRBuffer786;x
12787;104;133;126;NewIRBuffer787;x
12788;104;143;129;NewIRBuffer788;x
12789;104;153;132;NewIRBuffer789;x
12790;104;163;135;NewIRBuffer790;x
12791;104;173;138;NewIRBuffer791;x
12792;104;183;141;NewIRBuffer792;x
12793;104;193;144;NewIRBuffer793;x
12794;104;203;147;NewIRBuffer794;x
12795;104;213;150;NewIRBuffer795;x
12796;104;223;153;NewIRBuffer796;x
12797;104;233;156;NewIRBuffer797;x
12798;104;243;159;NewIRBuffer798;x
12799;104;253;162;NewIRBuffer799;x
12800;104;3;165;NewIRBuffer800;x
12801;104;13;168;NewIRBuffer801;x
12802;104;23;171;NewIRBuffer802;x
12803;104;33;174;NewIRBuffer803;x
12804;104;43;177;NewIRBuffer804;x
12805;104;53;180;NewIRBuffer805;x
12806;104;63;183;NewIRBuffer806;x
12807;104;73;186;NewIRBuffer807;x
12808;104;83;189;NewIRBuffer808;x
12809;104;93;192;NewIRBuffer809;x
12810;104;103;195;NewIRBuffer810;x
12811;104;113;198;NewIRBuffer811;x
12812;104;123;201;NewIRBuffer812;x
12813;104;133;204;NewIRBuffer813;x
12814;104;143;207;NewIRBuffer814;x
12815;104;153;210;NewIRBuffer815;x
12816;104;163;213;NewIRBuffer816;x
12817;104;173;216;NewIRBuffer817;x
12818;104;183;219;NewIRBuffer818;x
12819;104;193;222;NewIRBuffer819;x
12820;104;203;225;NewIRBuffer820;x
12821;104;213;228;NewIRBuffer821;x
12822;104;223;231;NewIRBuffer822;x
12823;104;233;234;NewIRBuffer823;x
12824;104;243;237;NewIRBuffer824;x
12825;104;253;240;NewIRBuffer825;x
12826;104;3;243;NewIRBuffer826;x
12827;104;13;246;NewIRBuffer827;x
12828;104;23;249;NewIRBuffer828;x
12829;104;33;252;NewIRBuffer829;x
12830;104;43;255;NewIRBuffer830;x
12831;104;4;9;NewIRBuffer831;x
12832;104;14;12;NewIRBuffer832;x
12833;104;24;15;NewIRBuffer833;x
12834;104;34;18;NewIRBuffer834;x
12835;104;44;21;NewIRBuffer835;x
12836;104;54;24;NewIRBuffer836;x
12837;104;64;27;NewIRBuffer837;x
12838;104;74;30;NewIRBuffer838;x
12839;104;84;33;NewIRBuffer839;x
12840;104;94;36;NewIRBuffer840;x
12841;104;104;39;NewIRBuffer841;x
12842;104;114;42;NewIRBuffer842;x
12843;104;124;45;NewIRBuffer843;x
12844;104;134;48;NewIRBuffer844;x
12845;104;144;51;NewIRBuffer845;x
12846;104;154;54;NewIRBuffer846;x
12847;104;164;57;NewIRBuffer847;x
12848;104;174;60;NewIRBuffer848;x
12849;104;184;63;NewIRBuffer849;x
12850;104;194;66;NewIRBuffer850;x
12851;104;204;69;NewIRBuffer851;x
12852;104;214;72;NewIRBuffer852;x
12853;104;224;75;NewIRBuffer853;x
12854;104;234;78;NewIRBuffer854;x
12855;104;244;81;NewIRBuffer855;x
12856;104;254;84;NewIRBuffer856;x
12857;104;4;87;NewIRBuffer857;x
12858;104;14;90;NewIRBuffer858;x
12859;104;24;93;NewIRBuffer859;x
12860;104;34;96;NewIRBuffer860;x
12861;104;44;99;NewIRBuffer861;x
12862;104;54;102;NewIRBuffer862;x
12863;104;64;105;NewIRBuffer863;x
12864;104;74;108;NewIRBuffer864;x
12865;104;84;111;NewIRBuffer865;x
12866;104;94;114;NewIRBuffer866;x
12867;104;104;117;NewIRBuffer867;x
12868;104;114;120;NewIRBuffer868;x
12869;104;124;123;NewIRBuffer869;x
12870;104;134;126;NewIRBuffer870;x
12871;104;144;129;NewIRBuffer871;x
12872;104;154;132;NewIRBuffer872;x
12873;104;164;135;NewIRBuffer873;x
12874;104;174;138;NewIRBuffer874;x
12875;104;184;141;NewIRBuffer875;x
12876;104;194;144;NewIRBuffer876;x
12877;104;204;147;NewIRBuffer877;x
12878;104;214;150;NewIRBuffer878;x
12879;104;224;153;NewIRBuffer879;x
12880;104;234;156;NewIRBuffer880;x
12881;104;244;159;NewIRBuffer881;x
12882;104;254;162;NewIRBuffer882;x
12883;104;4;165;NewIRBuffer883;x
12884;104;14;168;NewIRBuffer884;x
12885;104;24;171;NewIRBuffer885;x
12886;104;34;174;NewIRBuffer886;x
12887;104;44;177;NewIRBuffer887;x
12888;104;54;180;NewIRBuffer888;x
12889;104;64;183;NewIRBuffer889;x
12890;104;74;186;NewIRBuffer890;x
12891;104;84;189;NewIRBuffer891;x
12892;104;94;192;NewIRBuffer892;x
12893;104;104;195;NewIRBuffer893;x
12894;104;114;198;NewIRBuffer894;x
12895;104;124;201;NewIRBuffer895;x
12896;104;134;204;NewIRBuffer896;x
12897;104;144;207;NewIRBuffer897;x
12898;104;154;210;NewIRBuffer898;x
12899;104;164;213;NewIRBuffer899;x
12900;104;174;216;NewIRBuffer900;x
12901;104;184;219;NewIRBuffer901;x
12902;104;194;222;NewIRBuffer902;x
12903;104;204;225;NewIRBuffer903;x
12904;104;214;228;NewIRBuffer904;x
12905;104;224;231;NewIRBuffer905;x
12906;104;234;234;NewIRBuffer906;x
12907;104;244;237;NewIRBuffer907;x
12908;104;254;240;NewIRBuffer908;x
12909;104;4;243;NewIRBuffer909;x
12910;104;14;246;NewIRBuffer910;x
12911;104;24;249;NewIRBuffer911;x
12912;104;34;252;NewIRBuffer912;x
12913;104;44;255;NewIRBuffer913;x
12914;104;5;9;NewIRBuffer914;x
12915;104;15;12;NewIRBuffer915;x
12916;104;25;15;NewIRBuffer916;x
12917;104;35;18;NewIRBuffer917;x
12918;104;45;21;NewIRBuffer918;x
12919;104;55;24;NewIRBuffer919;x
12920;104;65;27;NewIRBuffer920;x
12921;104;75;30;NewIRBuffer921;x
12922;104;85;33;NewIRBuffer922;x
12923;104;95;36;NewIRBuffer923;x
12924;104;105;39;NewIRBuffer924;x
12925;104;115;42;NewIRBuffer925;x
12926;104;125;45;NewIRBuffer926;x
12927;104;135;48;NewIRBuffer927;x
12928;104;145;51;NewIRBuffer928;x
12929;104;155;54;NewIRBuffer929;x
12930;104;165;57;NewIRBuffer930;x
12931;104;175;60;NewIRBuffer931;x
12932;104;185;63;NewIRBuffer932;x
12933;104;195;66;NewIRBuffer933;x
12934;104;205;69;NewIRBuffer934;x
12935;104;215;72;NewIRBuffer935;x
12936;104;225;75;NewIRBuffer936;x
12937;104;235;78;NewIRBuffer937;x
12938;104;245;81;NewIRBuffer938;x
12939;104;255;84;NewIRBuffer939;x
12940;104;5;87;NewIRBuffer940;x
12941;104;15;90;NewIRBuffer941;x
12942;104;25;93;NewIRBuffer942;x
12943;104;35;96;NewIRBuffer943;x
12944;104;45;99;NewIRBuffer944;x
12945;104;55;102;NewIRBuffer945;x
12946;104;65;105;NewIRBuffer946;x
12947;104;75;108;NewIRBuffer947;x
12948;104;85;111;NewIRBuffer948;x
12949;104;95;114;NewIRBuffer949;x
12950;104;105;117;NewIRBuffer950;x
12951;104;115;120;NewIRBuffer951;x
12952;104;125;123;NewIRBuffer952;x
12953;104;135;126;NewIRBuffer953;x
12954;104;145;129;NewIRBuffer954;x
12955;104;155;132;NewIRBuffer955;x
12956;104;165;135;NewIRBuffer956;x
12957;104;175;138;NewIRBuffer957;x
12958;104;185;141;NewIRBuffer958;x
12959;104;195;144;NewIRBuffer959;x
12960;104;205;147;NewIRBuffer960;x
12961;104;215;150;NewIRBuffer961;x
12962;104;225;153;NewIRBuffer962;x
12963;104;235;156;NewIRBuffer963;x
12964;104;245;159;NewIRBuffer964;x
12965;104;255;162;NewIRBuffer965;x
12966;104;5;165;NewIRBuffer966;x
12967;104;15;168;NewIRBuffer967;x
12968;104;25;171;NewIRBuffer968;x
12969;104;35;174;NewIRBuffer969;x
12970;104;45;177;NewIRBuffer970;x
12971;104;55;180;NewIRBuffer971;x
12972;104;65;183;NewIRBuffer972;x
12973;104;75;186;NewIRBuffer973;x
12974;104;85;189;NewIRBuffer974;x
12975;104;95;192;NewIRBuffer975;x
12976;104;105;195;NewIRBuffer976;x
12977;104;115;198;NewIRBuffer977;x
12978;104;125;201;NewIRBuffer978;x
12979;104;135;204;NewIRBuffer979;x
12980;104;145;207;NewIRBuffer980;x
12981;104;155;210;NewIRBuffer981;x
12982;104;165;213;NewIRBuffer982;x
12983;104;175;216;NewIRBuffer983;x
12984;104;185;219;NewIRBuffer984;x
12985;104;195;222;NewIRBuffer985;x
12986;104;205;225;NewIRBuffer986;x
12987;104;215;228;NewIRBuffer987;x
12988;104;225;231;NewIRBuffer988;x
12989;104;235;234;NewIRBuffer989;x
12990;104;245;237;NewIRBuffer990;x
12991;104;255;240;NewIRBuffer991;x
12992;104;5;243;NewIRBuffer992;x
12993;104;15;246;NewIRBuffer993;x
12994;104;25;249;NewIRBuffer994;x
12995;104;35;252;NewIRBuffer995;x
12996;104;45;255;NewIRBuffer996;x
12997;104;55;9;NewIRBuffer997;x
12998;104;65;12;NewIRBuffer998;x
12999;104;75;15;NewIRBuffer999;x
13000;104;85;18;NewIRBuffer1000;x